method,silhouette_score,calinski_harabasz_score,n_clusters
vae + kmeans,0.1874435991048813,117.57259572667411,10
pca + kmeans,0.1509329080581665,123.90852277655556,10
